{"id":"1718965542Custom","name":"Adrian","documentNumber":"1718965542","address":"Armenia","telephone":"0987104846","email":"jaromo@espe.edu.ec"}
{"id":"1718390718Custom","name":"Carlos","documentNumber":"1718390718","address":"Quito","telephone":"022614541","email":"carlos@gmail.com"}
{"id":"1718390789Custom","name":"Manuel","documentNumber":"1718390789","address":"Quito","telephone":"0226147874","email":"manuel@hotmail.om"}
{"id":"171839321Custom","name":"Yully","documentNumber":"171839321","address":"Quito","telephone":"0995916872","email":"yully@hotmail.com"}
{"id":"171839456Custom","name":"Gabriel","documentNumber":"171839456","address":"Quito","telephone":"022147852","email":"gabriel@hotmail.com"}
{"id":"1724240773Custom","name":"Gabriel Rosero","documentNumber":"1724240773","address":"El calzado","telephone":"0995228070","email":"gaborosero20019@gmail.com"}
{"id":"4Custom","name":"4","documentNumber":"4","address":"123","telephone":"213123","email":"21321"}
