{"nameCustomer":"Adrian","nameProduct":"Galletas Oreo","salePrice":0.6}
{"nameCustomer":"Adrian","nameProduct":"vino","salePrice":5.0}
{"nameCustomer":"Adrian","nameProduct":"vino","salePrice":5.0}
{"nameCustomer":"Adrian","nameProduct":"Reservación de habitación","salePrice":100.0}
{"nameCustomer":"Adrian","nameProduct":"Jugos Natura","salePrice":0.75}
{"nameCustomer":"Adrian","nameProduct":"vino","salePrice":5.0}
{"nameCustomer":"Adrian","nameProduct":"Reservación de habitación","salePrice":20.0}
{"nameCustomer":"Adrian","nameProduct":"vino","salePrice":5.0}
{"nameCustomer":"Adrian","nameProduct":"Jugos Natura","salePrice":0.75,"status":false}
{"nameCustomer":"Adrian","nameProduct":"vino","salePrice":5.0,"status":false}
{"nameCustomer":"Adrian","nameProduct":"Manicho","salePrice":0.75,"status":false}
{"nameCustomer":"Carlos","nameProduct":"Manicho","salePrice":0.75,"status":false}
{"nameCustomer":"Carlos","nameProduct":"Manicho","salePrice":0.75,"status":false}
{"nameCustomer":"Carlos","nameProduct":"Manicho","salePrice":0.75,"status":false}
{"nameCustomer":"Carlos","nameProduct":"Manicho","salePrice":0.75,"status":true}
{"nameCustomer":"Carlos","nameProduct":"Manicho","salePrice":0.75,"status":true}
{"nameCustomer":"Carlos","nameProduct":"Manicho","salePrice":0.75,"status":true}
{"nameCustomer":"Gabriel","nameProduct":"Manicho","salePrice":0.75,"status":true}
{"nameCustomer":"Gabriel","nameProduct":"Reservación de habitación","salePrice":0.0,"status":false}
{"nameCustomer":"Gabriel","nameProduct":"Reservación de habitación","salePrice":0.0,"status":false}
{"nameCustomer":"Gabriel","nameProduct":"Reservación de habitación","salePrice":0.0,"status":false}
{"nameCustomer":"Gabriel","nameProduct":"Reservación de habitación","salePrice":0.0,"status":false}
{"nameCustomer":"Gabriel","nameProduct":"Reservación de habitación","salePrice":0.0,"status":false}
{"nameCustomer":"Gabriel","nameProduct":"Reservación de habitación","salePrice":0.0,"status":false}
{"nameCustomer":"Gabriel","nameProduct":"Reservación de habitación","salePrice":0.0,"status":false}
{"nameCustomer":"Gabriel","nameProduct":"Reservación de habitación","salePrice":0.0,"status":false}
{"nameCustomer":"Gabriel","nameProduct":"Reservación de habitación","salePrice":0.0,"status":false}
{"nameCustomer":"Gabriel","nameProduct":"Reservación de habitación","salePrice":0.0,"status":false}
{"nameCustomer":"Gabriel","nameProduct":"Reservación de habitación","salePrice":0.0,"status":false}
{"nameCustomer":"Gabriel","nameProduct":"Reservación de habitación","salePrice":0.0,"status":false}
{"nameCustomer":"Gabriel","nameProduct":"Reservación de habitación","salePrice":30.0,"status":false}
{"nameCustomer":"Gabriel","nameProduct":"Reservación de habitación","salePrice":30.0,"status":false}
{"nameCustomer":"Manuel","nameProduct":"Reservación de habitación","salePrice":60.0,"status":false}
{"nameCustomer":"Manuel","nameProduct":"Reservación de habitación","salePrice":60.0,"status":false}
{"nameCustomer":"Manuel","nameProduct":"Reservación de habitación","salePrice":30.0,"status":false}
{"nameCustomer":"Manuel","nameProduct":"Reservación de habitación","salePrice":30.0,"status":false}
{"nameProduct":"Corneto","salePrice":1.5,"status":true}
{"nameProduct":"Doritos","salePrice":0.9,"status":true}
{"nameCustomer":"Jully","nameProduct":"Manicho","salePrice":0.75,"status":true}
{"nameCustomer":"","nameProduct":"Redbull","salePrice":2.5,"status":true}
{"nameCustomer":"Juan","nameProduct":"Biddu","salePrice":1.5,"status":true}
{"nameCustomer":"Juan","nameProduct":"Doritos","salePrice":0.9,"status":true}
{"nameCustomer":"Juan","nameProduct":"Cerveza","salePrice":2.0,"status":true}
{"nameCustomer":"Maria","nameProduct":"Redbull","salePrice":2.5,"status":true}
