{"idProduct":2,"stock":3,"salePrice":1.5,"nameProduct":"CocaCola","isAvailable":true}
{"idProduct":4,"stock":5,"salePrice":1.5,"nameProduct":"Corneto","isAvailable":true}
{"idProduct":1,"stock":1,"salePrice":0.75,"nameProduct":"Manicho","isAvailable":false}
{"idProduct":7,"stock":5,"salePrice":1.5,"nameProduct":"Biddu","isAvailable":true}
{"idProduct":3,"stock":5,"salePrice":0.9,"nameProduct":"Doritos","isAvailable":true}
{"idProduct":5,"stock":3,"salePrice":2.0,"nameProduct":"Cerveza","isAvailable":true}
{"idProduct":6,"stock":5,"salePrice":2.5,"nameProduct":"Redbull","isAvailable":true}
